loc,lastmod
https://www.electrical.com/Products/Bus-Plugs-General-Electric/AC49HEDGI,2023-06-01
https://www.electrical.com/Products/Bus-Plugs-ABB/SL37ED4,2023-06-01
https://www.electrical.com/Products/Bus-Plugs-Eaton/BPHFD3100ZN,2023-06-01
https://www.electrical.com/Products/Bus-Plugs-Schneider-Electric/PBLE36500GN,2023-06-01
https://www.electrical.com/Products/Bus-Plugs-Westinghouse/ITAP321GN,2023-06-01
https://www.electrical.com/Products/Bus-Plugs-General-Electric/SB47SFHGI,2023-06-01
https://www.electrical.com/Products/Bus-Plugs-General-Electric/AC42SEP,2023-06-01
https://www.electrical.com/Products/Bus-Plugs-General-Electric/AC312HFK,2023-06-01
https://www.electrical.com/Products/Bus-Plugs-ABB/SB415JJGI,2023-06-01
https://www.electrical.com/Products/Bus-Plugs-General-Electric/AC410SEDI,2023-06-01
https://www.electrical.com/Products/Bus-Plugs-General-Electric/SB36ED4I,2023-06-01
https://www.electrical.com/Products/Bus-Plugs-General-Electric/SB303SEHI,2023-06-01
https://www.electrical.com/Products/Bus-Plugs-Schneider-Electric/SD71415G,2023-06-01
https://www.electrical.com/Products/Bus-Plugs-ABB/SB350JK6,2023-06-01
https://www.electrical.com/Products/Bus-Plugs-General-Electric/AC32EBGI,2023-06-01
https://www.electrical.com/Products/Bus-Plugs-General-Electric/SB37SEHI,2023-06-01
https://www.electrical.com/Products/Bus-Plugs-Eaton/BPHMCP050G2GN,2023-06-01
https://www.electrical.com/Products/Bus-Plugs-General-Electric/SL37ED6G,2023-06-01
https://www.electrical.com/Products/Bus-Plugs-General-Electric/AC133ED6G,2023-06-01
https://www.electrical.com/Products/Bus-Plugs-Schneider-Electric/PBQ4240R,2023-06-01
https://www.electrical.com/Products/Bus-Plugs-General-Electric/SL36SEHG,2023-06-01
https://www.electrical.com/Products/Bus-Plugs-General-Electric/AC48SFL,2023-06-01
https://www.electrical.com/Products/Bus-Plugs-Cutler-Hammer/IBPEHD3025N,2023-06-01
https://www.electrical.com/Products/Bus-Plugs-ABB/SB48ED4G,2023-06-01
https://www.electrical.com/Products/Bus-Plugs-General-Electric/SL35ED4GI,2023-06-01
https://www.electrical.com/Products/Bus-Plugs-Eaton/BPHMCPS003A0CN,2023-06-01
https://www.electrical.com/Products/Bus-Plugs-General-Electric/SL411ED4G,2023-06-01
https://www.electrical.com/Products/Bus-Plugs-General-Electric/AC35ED4GI,2023-06-01
https://www.electrical.com/Products/Bus-Plugs-General-Electric/SL49HEDGI,2023-06-01
https://www.electrical.com/Products/Bus-Plugs-Square-D/PQ3610GJ,2023-06-01
https://www.electrical.com/Products/Bus-Plugs-General-Electric/AC43SELGI,2023-06-01
https://www.electrical.com/Products/Bus-Plugs-ABB/SB42SELG,2023-06-01
https://www.electrical.com/Products/Bus-Plugs-Square-D/PFI34040G,2023-06-01
https://www.electrical.com/Products/Bus-Plugs-ABB/SL49HFK,2023-06-01
https://www.electrical.com/Products/Bus-Plugs-Square-D/PKC34125GN,2023-06-01
https://www.electrical.com/Products/Bus-Plugs-General-Electric/AC49ED6GI,2023-06-01
https://www.electrical.com/Products/Bus-Plugs-General-Electric/SL44ED6I,2023-06-01
https://www.electrical.com/Products/Bus-Plugs-General-Electric/FVK340JK4,2023-06-01
https://www.electrical.com/Products/Bus-Plugs-General-Electric/DE410EB,2023-06-01
https://www.electrical.com/Products/Bus-Plugs-General-Electric/FVK412ED6,2023-06-01
https://www.electrical.com/Products/Bus-Plugs-Square-D/PFA32090GN,2023-06-01
https://www.electrical.com/Products/Bus-Plugs-Schneider-Electric/PQ4220GGS,2023-06-01
https://www.electrical.com/Products/Bus-Plugs-General-Electric/FVK315JJG,2023-06-01
https://www.electrical.com/Products/Bus-Plugs-General-Electric/AC39SEHI,2023-06-01
https://www.electrical.com/Products/Bus-Plugs-Square-D/PIF34100,2023-06-01
https://www.electrical.com/Products/Bus-Plugs-General-Electric/SB315SFL,2023-06-01
https://www.electrical.com/Products/Bus-Plugs-ABB/SB44ED6,2023-06-01
https://www.electrical.com/Products/Bus-Plugs-General-Electric/SL37FJGI,2023-06-01
https://www.electrical.com/Products/Bus-Plugs-Schneider-Electric/PTMH36300GCLH,2023-06-01
https://www.electrical.com/Products/Bus-Plugs-General-Electric/SB415SED,2023-06-01